<?xml version="1.0" encoding="UTF-8"?>
<b:beans xmlns="http://www.springframework.org/schema/security"
	xmlns:b="http://www.springframework.org/schema/beans"
	xmlns:xsi="http://www.w3.org/2001/XMLSchema-instance"
	xsi:schemaLocation="http://www.springframework.org/schema/beans http://www.springframework.org/schema/beans/spring-beans.xsd
						http://www.springframework.org/schema/security http://www.springframework.org/schema/security/spring-security.xsd">
	<http use-expressions="true"  authentication-manager-ref="au">
		<http-basic/>
		<intercept-url pattern="/db/**"  access="DBA"/>
		<intercept-url pattern="/admin/**" access="ADMIN"/>
	</http>
	
	<authentication-manager id="au">
	<authentication-provider >
	<user-service id="usr">
		<user name="mahendra" authorities="USER" password="pass@1234"/>
		<user name="admin" authorities="ADMIN" password="pass@12345"/>
		<user name="dba" authorities="DBA" password="DML@1234"/>
	</user-service>
	</authentication-provider>
	
	</authentication-manager>

</b:beans>
